case_id,
01674b2c-5cf2-478f-84a1-f69c39f47bd4,
016caf42-4e19-4444-ab5d-6cf1e76c4afa,
1c3610f7-e0aa-48d7-9a27-0dbaf6e244f9,
2192c1db-4718-4254-ba42-3ae7f30ad5a8,
324bcba2-f6a4-45a6-807c-215bdffcca21,
39cde586-df95-435f-b9a6-73b0c0ee5e92,
3e9f93c0-aa79-4b4c-bd6c-b3325912362a,
495f9eda-b9be-4eef-bae1-766a4bfbd68e,
6d24e675-2fa4-4102-861f-7516650b3049,
6e6b7742-a562-490b-bb72-04a5653852e4,
84a88e8d-1e65-4b88-aae6-bf4c7a7e4c33,
86b7b206-8e69-432d-acc9-bccce710955e,
8785012f-f73e-4d68-87cf-1d804af32782,
95c53f69-0f05-4348-822a-571f3d757001,
9938ce5c-e74e-446e-a932-f096f85cc3b1,
99e32c59-aa73-43fa-88c9-399ddadb2c72,
9d95a65b-e41d-4f93-92d4-99dce29ff40d,
af97e043-88cb-4f99-8f8b-9bcbcccdf842,
b094e8b2-8ece-4b36-8025-18073a8b873c,
b58ad350-5140-4fa8-bc2c-24bca8395f3a,
baf1207d-7d1a-4cad-ba58-62c26be2415e,
c70ee5e1-4703-4996-bb5c-f4cca0fb53ba,
d111c4ab-b39a-4a7c-8d8e-cb342bc10627,
d5d8e76e-2f2a-49bc-ba0a-d51283611b16,
d6f7afc0-1558-43ad-acb1-2b5311ed2264,
d9a1c06f-7b50-46b0-878e-89e8c31863ae,
e828455d-4680-41b2-8a1c-1582e3790d62,
e9f4f373-37a5-48ad-a1a0-b0d47820111a,
eb2dbb4f-66b6-4525-8323-431970f7a64e,
f55dd73d-8c36-440b-84e5-9aae53107775,